{"name":{"0":"\uc6b8\uc0b0 \ub0a8\uad6c \uc6b8\uc0b0\uc911\uc559\ub18d\ud611\ud558\ub098\ub85c\ub9c8\ud2b8\ubb34\uac70\uc810","1":"\uc6b8\uc0b0 \ub3d9\uad6c \ubc29\uc5b4\uc9c4\ub18d\ud611\ud558\ub098\ub85c\ub9c8\ud2b8(\ub0a8\ubaa9\uc810)","2":"\uc6b8\uc0b0 \ubd81\uad6c \uc6b8\uc0b0\uac15\ub3d9\ub18d\ud611\ud558\ub098\ub85c\ub9c8\ud2b8","3":"\uc6b8\uc0b0 \ubd81\uad6c \uc6b8\uc0b0\uc720\ud1b5\uc13c\ud130","4":"\uc6b8\uc0b0 \uc6b8\uc8fc\uad70 \ub450\ubd81\ub18d\ud611\ud558\ub098\ub85c\ub9c8\ud2b8\ub450\ub3d9\uc810","5":"\uc6b8\uc0b0 \uc6b8\uc8fc\uad70 \ub450\ubd81\ub18d\ud611\ud558\ub098\ub85c\ub9c8\ud2b8\ubd09\uacc4\uc810","6":"\uc6b8\uc0b0 \uc6b8\uc8fc\uad70 \ub450\ubd81\ub18d\ud611\ud558\ub098\ub85c\ub9c8\ud2b8","7":"\uc6b8\uc0b0 \uc6b8\uc8fc\uad70 \ubc94\uc11c\ub18d\ud611\ud558\ub098\ub85c\ub9c8\ud2b8","8":"\uc6b8\uc0b0 \uc6b8\uc8fc\uad70 \uc6b8\uc0b0\uc6d0\uc608\ub18d\ud611\ud558\ub098\ub85c\ub9c8\ud2b8","9":"\uc6b8\uc0b0 \uc6b8\uc8fc\uad70 \uc0bc\ub0a8\ub18d\ud611\ud3c9\ub9ac\ud558\ub098\ub85c\ub9c8\ud2b8","10":"\uc6b8\uc0b0 \uc6b8\uc8fc\uad70 \uc11c\uc0dd\ub18d\ud611\ud558\ub098\ub85c\ub9c8\ud2b8\uc9c4\ud558\uc810","11":"\uc6b8\uc0b0 \uc6b8\uc8fc\uad70 \uc5b8\uc591\ub18d\ud611\ud558\ub098\ub85c\ub9c8\ud2b8\ubcf8\uc810","12":"\uc6b8\uc0b0 \uc6b8\uc8fc\uad70 \uc628\uc0b0\ub18d\ud611\ud558\ub098\ub85c\ub9c8\ud2b8","13":"\uc6b8\uc0b0 \uc6b8\uc8fc\uad70 \uc628\uc591\ub18d\ud611\ud558\ub098\ub85c\ub9c8\ud2b8","14":"\uc6b8\uc0b0 \uc6b8\uc8fc\uad70 \uc6c5\ucd0c\ub18d\ud611\ud558\ub098\ub85c\ub9c8\ud2b8","15":"\uc6b8\uc0b0 \uc6b8\uc8fc\uad70 \uccad\ub7c9\ub18d\ud611\ud558\ub098\ub85c\ub9c8\ud2b8\uc728\ub9ac\uc810","16":"\uc6b8\uc0b0\uad11\uc5ed\uc2dc \ub0a8\uad6c \ub18d\ud611\ud558\ub098\ub85c\uc720\ud1b5 \uc625\ub3d9\uc810","17":"\uc6b8\uc0b0\uad11\uc5ed\uc2dc \ub3d9\uad6c \ubc29\uc5b4\uc9c4\ub18d\ud611\ud558\ub098\ub85c\ub9c8\ud2b8(\ubc29\uc5b4)","18":"\uc6b8\uc0b0\uad11\uc5ed\uc2dc \ubd81\uad6c \ub18d\uc18c\ub18d\ud611\ud558\ub098\ub85c\ub9c8\ud2b8","19":"\uc6b8\uc0b0\uad11\uc5ed\uc2dc \ubd81\uad6c \ub18d\uc18c\ub18d\ud611\ud558\ub098\ub85c\ub9c8\ud2b8\ud638\uacc4\uc810","20":"\uc6b8\uc0b0\uad11\uc5ed\uc2dc \ubd81\uad6c \uc911\uc6b8\uc0b0\ub18d\ud611\ub9c8\ud2b8\ubb34\ub8e1\uc810","21":"\uc6b8\uc0b0\uad11\uc5ed\uc2dc \uc6b8\uc8fc\uad70 \uc0bc\ub0a8\ub18d\ud611\uc0bc\ub3d9\uc9c0\uc810 \ud558\ub098\ub85c\ub9c8\ud2b8","22":"\uc6b8\uc0b0\uad11\uc5ed\uc2dc \uc6b8\uc8fc\uad70 \uc0c1\ubd81\ub18d\ud611\ud558\ub098\ub85c\ub9c8\ud2b8","23":"\uc6b8\uc0b0\uad11\uc5ed\uc2dc \uc6b8\uc8fc\uad70 \uc11c\uc0dd\ub18d\ud611\ud558\ub098\ub85c\ub9c8\ud2b8\uad6c\ub3d9\uc810","24":"\uc6b8\uc0b0\uad11\uc5ed\uc2dc \uc6b8\uc8fc\uad70 \uc11c\uc0dd\ub18d\ud611\ud558\ub098\ub85c\ub9c8\ud2b8","25":"\uc6b8\uc0b0\uad11\uc5ed\uc2dc \uc6b8\uc8fc\uad70 \uc628\uc0b0\ub18d\ud611\ud558\ub098\ub85c\ub9c8\ud2b8\ub85c\uceec\ud478\ub4dc\uc810","26":"\uc6b8\uc0b0\uad11\uc5ed\uc2dc \uc6b8\uc8fc\uad70 \uc628\uc591\ub18d\ud611\ud558\ub098\ub85c\ub9c8\ud2b8\ubc1c\ub9ac\uc810","27":"\uc6b8\uc0b0\uad11\uc5ed\uc2dc \uc6b8\uc8fc\uad70 \uccad\ub7c9\ub18d\ud611\ud558\ub098\ub85c\ub9c8\ud2b8","28":"\uc6b8\uc0b0\uad11\uc5ed\uc2dc \uc911\uad6c \uc911\uc6b8\uc0b0\ub18d\ud611\ub9c8\ud2b8\ubcf8\uc810","29":"\uc6b8\uc0b0\uad11\uc5ed\uc2dc \uc911\uad6c \uc6b8\uc0b0\uc911\uc559\ub18d\ud611\ud558\ub098\ub85c\ub9c8\ud2b8\ud0dc\ud654\uc810"}}