{"name":{"0":"\uc6b8\uc0b0\uad11\uc5ed\uc2dc \ub0a8\uad6c 21\uc138\uae30\uac74\uac15\uc57d\uad6d","1":"\uc6b8\uc0b0\uad11\uc5ed\uc2dc \ub3d9\uad6c 365\uc5f4\ub9b0\uc57d\uad6d","2":"\uc6b8\uc0b0\uad11\uc5ed\uc2dc \ub0a8\uad6c e\uc870\uc740\uc57d\uad6d","3":"\uc6b8\uc0b0\uad11\uc5ed\uc2dc \uc6b8\uc8fc\uad70 GM\uc57d\uad6d","4":"\uc6b8\uc0b0\uad11\uc5ed\uc2dc \uc911\uad6c \uac00\uae4c\uc6b4\uc628\ub204\ub9ac\uc57d\uad6d","5":"\uc6b8\uc0b0\uad11\uc5ed\uc2dc \ub0a8\uad6c \uac00\ub78c\uc57d\uad6d","6":"\uc6b8\uc0b0\uad11\uc5ed\uc2dc \uc6b8\uc8fc\uad70 \uac00\uc9c0\uc0b0\uc57d\uad6d","7":"\uc6b8\uc0b0\uad11\uc5ed\uc2dc \ub0a8\uad6c \uac11\uc9c4\uc57d\uad6d","8":"\uc6b8\uc0b0\uad11\uc5ed\uc2dc \ub0a8\uad6c \uac15\ub0a8\uc57d\uad6d","9":"\uc6b8\uc0b0\uad11\uc5ed\uc2dc \uc6b8\uc8fc\uad70 \uac15\ub0a8\uc57d\uad6d","10":"\uc6b8\uc0b0\uad11\uc5ed\uc2dc \ubd81\uad6c \uac15\ub3d9\uc57d\uad6d","11":"\uc6b8\uc0b0\uad11\uc5ed\uc2dc \ub0a8\uad6c \uac70\ubd09\uc57d\uad6d","12":"\uc6b8\uc0b0\uad11\uc5ed\uc2dc \uc6b8\uc8fc\uad70 \uac74\uac15\ub4dc\ub9bc\uc57d\uad6d","13":"\uc6b8\uc0b0\uad11\uc5ed\uc2dc \ub0a8\uad6c \uac74\uac15\uc628\ub204\ub9ac\uc57d\uad6d","14":"\uc6b8\uc0b0\uad11\uc5ed\uc2dc \ub0a8\uad6c \uac74\uac15\ud55c\uc57d\uad6d","15":"\uc6b8\uc0b0\uad11\uc5ed\uc2dc \ub3d9\uad6c \uac74\uac15\ud55c\uc57d\uad6d","16":"\uc6b8\uc0b0\uad11\uc5ed\uc2dc \ubd81\uad6c \uac74\uc6b0\uc57d\uad6d","17":"\uc6b8\uc0b0\uad11\uc5ed\uc2dc \ub3d9\uad6c \uacbd\ub0a8\uc57d\uad6d","18":"\uc6b8\uc0b0\uad11\uc5ed\uc2dc \ub0a8\uad6c \uacbd\ud76c\uc57d\uad6d","19":"\uc6b8\uc0b0\uad11\uc5ed\uc2dc \ub0a8\uad6c \uace0\ub824\uc57d\uad6d","20":"\uc6b8\uc0b0\uad11\uc5ed\uc2dc \ub0a8\uad6c \uace0\uc6b4\uc57d\uad6d","21":"\uc6b8\uc0b0\uad11\uc5ed\uc2dc \uc911\uad6c \uacf0\uc57d\uad6d","22":"\uc6b8\uc0b0\uad11\uc5ed\uc2dc \ub3d9\uad6c \uad11\uc131\uc57d\uad6d","23":"\uc6b8\uc0b0\uad11\uc5ed\uc2dc \uc911\uad6c \uad11\uc81c\uc57d\uad6d","24":"\uc6b8\uc0b0\uad11\uc5ed\uc2dc \ub0a8\uad6c \uad7f\ubaa8\ub2dd\uc57d\uad6d","25":"\uc6b8\uc0b0\uad11\uc5ed\uc2dc \uc911\uad6c \uaddc\ub2f9\uc57d\uad6d","26":"\uc6b8\uc0b0\uad11\uc5ed\uc2dc \ub0a8\uad6c \uadf8\ub9b0\uc57d\uad6d","27":"\uc6b8\uc0b0\uad11\uc5ed\uc2dc \uc911\uad6c \uadf8\ub9b0\uc57d\uad6d","28":"\uc6b8\uc0b0\uad11\uc5ed\uc2dc \uc911\uad6c \uae08\uc131\uc57d\uad6d","29":"\uc6b8\uc0b0\uad11\uc5ed\uc2dc \ub0a8\uad6c \uae08\uc57d\uad6d","30":"\uc6b8\uc0b0\uad11\uc5ed\uc2dc \ub0a8\uad6c \uae30\ub9b0\uc57d\uad6d","31":"\uc6b8\uc0b0\uad11\uc5ed\uc2dc \uc911\uad6c \uae30\uc05c\uc6b0\ub9ac\uc57d\uad6d","32":"\uc6b8\uc0b0\uad11\uc5ed\uc2dc \uc6b8\uc8fc\uad70 \uae40\uc57d\uad6d","33":"\uc6b8\uc0b0\uad11\uc5ed\uc2dc \ub3d9\uad6c \uaf43\ubc14\uc704\uc57d\uad6d","34":"\uc6b8\uc0b0\uad11\uc5ed\uc2dc \uc6b8\uc8fc\uad70 \ub098\ub204\ub9ac\uc57d\uad6d","35":"\uc6b8\uc0b0\uad11\uc5ed\uc2dc \ub0a8\uad6c \ub098\ub77c\uc57d\uad6d","36":"\uc6b8\uc0b0\uad11\uc5ed\uc2dc \uc6b8\uc8fc\uad70 \ub098\uc740\uc57d\uad6d","37":"\uc6b8\uc0b0\uad11\uc5ed\uc2dc \ub0a8\uad6c \ub0a8\uad11\uc57d\uad6d","38":"\uc6b8\uc0b0\uad11\uc5ed\uc2dc \ub3d9\uad6c \ub0a8\ubaa9\uacf5\ub8e1\uc57d\uad6d","39":"\uc6b8\uc0b0\uad11\uc5ed\uc2dc \ub3d9\uad6c \ub0a8\uc0b0\uc57d\uad6d","40":"\uc6b8\uc0b0\uad11\uc5ed\uc2dc \uc6b8\uc8fc\uad70 \ub0a8\uc77c\uc57d\uad6d","41":"\uc6b8\uc0b0\uad11\uc5ed\uc2dc \uc6b8\uc8fc\uad70 \ub0a8\ucc3d\uc911\uc559\uc57d\uad6d","42":"\uc6b8\uc0b0\uad11\uc5ed\uc2dc \ub3d9\uad6c \ub179\uc2ed\uc790\uc57d\uad6d","43":"\uc6b8\uc0b0\uad11\uc5ed\uc2dc \ubd81\uad6c \ub18d\uc18c\uae08\uac15\uc0b0\uc57d\uad6d","44":"\uc6b8\uc0b0\uad11\uc5ed\uc2dc \ubd81\uad6c \ub18d\uc18c\uc57d\uad6d","45":"\uc6b8\uc0b0\uad11\uc5ed\uc2dc \uc911\uad6c \ub274\uc0c8\uc6b4\uc57d\uad6d","46":"\uc6b8\uc0b0\uad11\uc5ed\uc2dc \ub0a8\uad6c \ub298\ud478\ub978\uc57d\uad6d","47":"\uc6b8\uc0b0\uad11\uc5ed\uc2dc \ub0a8\uad6c \ub2e4\ub098\uc57d\uad6d","48":"\uc6b8\uc0b0\uad11\uc5ed\uc2dc \uc6b8\uc8fc\uad70 \ub2e4\ub9ac\uac78\uc911\uc559\uc57d\uad6d","49":"\uc6b8\uc0b0\uad11\uc5ed\uc2dc \uc911\uad6c \ub2e4\uc19c\uc57d\uad6d","50":"\uc6b8\uc0b0\uad11\uc5ed\uc2dc \ub0a8\uad6c \ub2e4\uc628\uc57d\uad6d","51":"\uc6b8\uc0b0\uad11\uc5ed\uc2dc \uc911\uad6c \ub2e4\uc6b4\uc57d\uad6d","52":"\uc6b8\uc0b0\uad11\uc5ed\uc2dc \ub0a8\uad6c \ub2e4\uc708\uc57d\uad6d","53":"\uc6b8\uc0b0\uad11\uc5ed\uc2dc \uc911\uad6c \ub2e4\uc815\uc57d\uad6d","54":"\uc6b8\uc0b0\uad11\uc5ed\uc2dc \uc911\uad6c \ub2e4\uc815\uc57d\uad6d","55":"\uc6b8\uc0b0\uad11\uc5ed\uc2dc \ub0a8\uad6c \ub300\uac00\uc57d\uad6d","56":"\uc6b8\uc0b0\uad11\uc5ed\uc2dc \ub0a8\uad6c \ub300\ub85c\uc57d\uad6d","57":"\uc6b8\uc0b0\uad11\uc5ed\uc2dc \uc6b8\uc8fc\uad70 \ub300\ub9bc\uc57d\uad6d","58":"\uc6b8\uc0b0\uad11\uc5ed\uc2dc \ub3d9\uad6c \ub300\uc131\uc57d\uad6d","59":"\uc6b8\uc0b0\uad11\uc5ed\uc2dc \ubd81\uad6c \ub300\uc131\uc57d\uad6d","60":"\uc6b8\uc0b0\uad11\uc5ed\uc2dc \ubd81\uad6c \ub300\uc601\uc57d\uad6d","61":"\uc6b8\uc0b0\uad11\uc5ed\uc2dc \ub0a8\uad6c \ub300\uc655\uc57d\uad6d","62":"\uc6b8\uc0b0\uad11\uc5ed\uc2dc \ub0a8\uad6c \ub300\uc6c5\uc57d\uad6d","63":"\uc6b8\uc0b0\uad11\uc5ed\uc2dc \uc911\uad6c \ub300\uc6d0\uc57d\uad6d","64":"\uc6b8\uc0b0\uad11\uc5ed\uc2dc \ub0a8\uad6c \ub300\uc778\uc57d\uad6d","65":"\uc6b8\uc0b0\uad11\uc5ed\uc2dc \ub0a8\uad6c \ub300\ud559\uc57d\uad6d","66":"\uc6b8\uc0b0\uad11\uc5ed\uc2dc \ub0a8\uad6c \ub300\ud604\uc57d\uad6d","67":"\uc6b8\uc0b0\uad11\uc5ed\uc2dc \ubd81\uad6c \ub354\uc870\uc740\uc57d\uad6d","68":"\uc6b8\uc0b0\uad11\uc5ed\uc2dc \uc6b8\uc8fc\uad70 \ub355\uc2e0\uc57d\uad6d","69":"\uc6b8\uc0b0\uad11\uc5ed\uc2dc \uc6b8\uc8fc\uad70 \ub355\uc2e0\uc911\uc559\uc57d\uad6d","70":"\uc6b8\uc0b0\uad11\uc5ed\uc2dc \uc6b8\uc8fc\uad70 \ub355\ud558\uc57d\uad6d","71":"\uc6b8\uc0b0\uad11\uc5ed\uc2dc \ub0a8\uad6c \ub3c4\ub2f4\uc57d\uad6d","72":"\uc6b8\uc0b0\uad11\uc5ed\uc2dc \uc911\uad6c \ub3c4\ub2f4\uc57d\uad6d","73":"\uc6b8\uc0b0\uad11\uc5ed\uc2dc \uc911\uad6c \ub3d9\uad11\uc628\ub204\ub9ac\uc57d\uad6d","74":"\uc6b8\uc0b0\uad11\uc5ed\uc2dc \ub0a8\uad6c \ub3d9\ubcf4\uc57d\uad6d","75":"\uc6b8\uc0b0\uad11\uc5ed\uc2dc \ub3d9\uad6c \ub3d9\uc0b0\uc57d\uad6d","76":"\uc6b8\uc0b0\uad11\uc5ed\uc2dc \uc6b8\uc8fc\uad70 \ub3d9\uc2e0\uc57d\uad6d","77":"\uc6b8\uc0b0\uad11\uc5ed\uc2dc \uc911\uad6c \ub3d9\uc2e0\uc57d\uad6d","78":"\uc6b8\uc0b0\uad11\uc5ed\uc2dc \ub0a8\uad6c \ub3d9\uc544\uc0ac\uc57d\uad6d","79":"\uc6b8\uc0b0\uad11\uc5ed\uc2dc \uc6b8\uc8fc\uad70 \ub3d9\uc544\uc57d\uad6d","80":"\uc6b8\uc0b0\uad11\uc5ed\uc2dc \uc911\uad6c \ub3d9\uc544\uc57d\uad6d","81":"\uc6b8\uc0b0\uad11\uc5ed\uc2dc \ub3d9\uad6c \ub3d9\uc6b8\uc0b0\ub300\ud559\uc57d\uad6d","82":"\uc6b8\uc0b0\uad11\uc5ed\uc2dc \ubd81\uad6c \ub3d9\uc778\ub2f9\uc57d\uad6d","83":"\uc6b8\uc0b0\uad11\uc5ed\uc2dc \ub0a8\uad6c \ub3d9\uc778\uc57d\uad6d","84":"\uc6b8\uc0b0\uad11\uc5ed\uc2dc \uc911\uad6c \ub3d9\ud654\uc57d\uad6d","85":"\uc6b8\uc0b0\uad11\uc5ed\uc2dc \ub0a8\uad6c \ub450\ub808\uc57d\uad6d","86":"\uc6b8\uc0b0\uad11\uc5ed\uc2dc \ub0a8\uad6c \ub450\uc0b0\uc57d\uad6d","87":"\uc6b8\uc0b0\uad11\uc5ed\uc2dc \ub3d9\uad6c \ub458\ub9ac\uc57d\uad6d","88":"\uc6b8\uc0b0\uad11\uc5ed\uc2dc \ub3d9\uad6c \ub4dc\ub9bc\uc57d\uad6d","89":"\uc6b8\uc0b0\uad11\uc5ed\uc2dc \ubd81\uad6c \ub4dc\ub9bc\uc57d\uad6d","90":"\uc6b8\uc0b0\uad11\uc5ed\uc2dc \uc6b8\uc8fc\uad70 \ub77c\ub77c\uc57d\uad6d","91":"\uc6b8\uc0b0\uad11\uc5ed\uc2dc \ub0a8\uad6c \ub86f\ub370\uc57d\uad6d","92":"\uc6b8\uc0b0\uad11\uc5ed\uc2dc \ub0a8\uad6c \ub9c8\ubc95\uc0ac\uc57d\uad6d","93":"\uc6b8\uc0b0\uad11\uc5ed\uc2dc \ubd81\uad6c \ub9c8\uc74c\uc57d\uad6d","94":"\uc6b8\uc0b0\uad11\uc5ed\uc2dc \ub0a8\uad6c \ub9c8\uc74c\ud3b8\ud55c\uc57d\uad6d","95":"\uc6b8\uc0b0\uad11\uc5ed\uc2dc \ub3d9\uad6c \ub9cc\uc138\ub300\uc57d\uad6d","96":"\uc6b8\uc0b0\uad11\uc5ed\uc2dc \ub0a8\uad6c \ub9d1\uc740\ud558\ub298\uc57d\uad6d","97":"\uc6b8\uc0b0\uad11\uc5ed\uc2dc \uc911\uad6c \ub9d8\ud3b8\ud55c\uc57d\uad6d","98":"\uc6b8\uc0b0\uad11\uc5ed\uc2dc \ubd81\uad6c \ub9e4\uace1\uc57d\uad6d","99":"\uc6b8\uc0b0\uad11\uc5ed\uc2dc \ub0a8\uad6c \ub9e4\uc77c\uc57d\uad6d","100":"\uc6b8\uc0b0\uad11\uc5ed\uc2dc \uc6b8\uc8fc\uad70 \uba54\uac00\uc57d\uad6d","101":"\uc6b8\uc0b0\uad11\uc5ed\uc2dc \ub0a8\uad6c \uba54\ub514\uce7c\uc57d\uad6d","102":"\uc6b8\uc0b0\uad11\uc5ed\uc2dc \ub3d9\uad6c \uba54\ub514\uce7c\uc57d\uad6d","103":"\uc6b8\uc0b0\uad11\uc5ed\uc2dc \ub0a8\uad6c \uba54\ub514\ud31c\ubc31\ud654\uc810\uc57d\uad6d","104":"\uc6b8\uc0b0\uad11\uc5ed\uc2dc \ub0a8\uad6c \uba54\ub514\ud31c\uc131\uc6d0\uc57d\uad6d","105":"\uc6b8\uc0b0\uad11\uc5ed\uc2dc \ub0a8\uad6c \uba54\ub514\ud31c\uc2e0\uc815\uc57d\uad6d","106":"\uc6b8\uc0b0\uad11\uc5ed\uc2dc \uc6b8\uc8fc\uad70 \uba54\ub514\ud31c\uc6b8\uc0b0\uc57d\uad6d","107":"\uc6b8\uc0b0\uad11\uc5ed\uc2dc \ub0a8\uad6c \uba54\ub514\ud31c\ud589\ubcf5\uc57d\uad6d","108":"\uc6b8\uc0b0\uad11\uc5ed\uc2dc \ub0a8\uad6c \uba85\ub3d9\uc57d\uad6d","109":"\uc6b8\uc0b0\uad11\uc5ed\uc2dc \ub0a8\uad6c \uba85\uc778\uc57d\uad6d","110":"\uc6b8\uc0b0\uad11\uc5ed\uc2dc \ub3d9\uad6c \uba85\uc778\uc57d\uad6d","111":"\uc6b8\uc0b0\uad11\uc5ed\uc2dc \uc911\uad6c \uba85\uc815\uc57d\uad6d","112":"\uc6b8\uc0b0\uad11\uc5ed\uc2dc \ub0a8\uad6c \ubaa8\ubc94\uc57d\uad6d","113":"\uc6b8\uc0b0\uad11\uc5ed\uc2dc \ub0a8\uad6c \ubb34\uac70\uc6b0\ub9ac\ub4e4\uc57d\uad6d","114":"\uc6b8\uc0b0\uad11\uc5ed\uc2dc \ub0a8\uad6c \ubb34\uac70\ud604\ub300\uc57d\uad6d","115":"\uc6b8\uc0b0\uad11\uc5ed\uc2dc \ubd81\uad6c \ubb34\ub8e1\uba54\ub514\uce7c\uc57d\uad6d","116":"\uc6b8\uc0b0\uad11\uc5ed\uc2dc \ub0a8\uad6c \ubb34\uc9c0\uac1c\uc57d\uad6d","117":"\uc6b8\uc0b0\uad11\uc5ed\uc2dc \uc911\uad6c \ubb34\uc9c0\uac1c\uc57d\uad6d","118":"\uc6b8\uc0b0\uad11\uc5ed\uc2dc \ub0a8\uad6c \ubb38\uc131\uc628\ub204\ub9ac\uc57d\uad6d","119":"\uc6b8\uc0b0\uad11\uc5ed\uc2dc \uc911\uad6c \ubb38\ud654\uc57d\uad6d","120":"\uc6b8\uc0b0\uad11\uc5ed\uc2dc \uc911\uad6c \ubbf8\ub798\uac74\uac15\uc57d\uad6d","121":"\uc6b8\uc0b0\uad11\uc5ed\uc2dc \ubd81\uad6c \ubbf8\ub798\uc57d\uad6d","122":"\uc6b8\uc0b0\uad11\uc5ed\uc2dc \ub0a8\uad6c \ubbf8\ub798\ud31c\uc5f0\uc138\uc57d\uad6d","123":"\uc6b8\uc0b0\uad11\uc5ed\uc2dc \ub0a8\uad6c \ubbf8\ub798\ud31c\ud130\ubbf8\ub110\uc57d\uad6d","124":"\uc6b8\uc0b0\uad11\uc5ed\uc2dc \uc6b8\uc8fc\uad70 \ubbf8\ub798\ud31c\ud558\ub098\ub85c\uc57d\uad6d","125":"\uc6b8\uc0b0\uad11\uc5ed\uc2dc \ub0a8\uad6c \ubbf8\ub798\ud31c\ud55c\uc0ac\ub791\uc57d\uad6d","126":"\uc6b8\uc0b0\uad11\uc5ed\uc2dc \ubd81\uad6c \ubbf8\ubcf4\uac74\uac15\uc57d\uad6d","127":"\uc6b8\uc0b0\uad11\uc5ed\uc2dc \ub0a8\uad6c \ubbf8\uc18c\ub791\uc57d\uad6d","128":"\uc6b8\uc0b0\uad11\uc5ed\uc2dc \ubd81\uad6c \ubbf8\uc18c\uc57d\uad6d","129":"\uc6b8\uc0b0\uad11\uc5ed\uc2dc \uc911\uad6c \ubbf8\uc18c\uc57d\uad6d","130":"\uc6b8\uc0b0\uad11\uc5ed\uc2dc \uc911\uad6c \ubbf8\uc18c\uc5f4\ub9b0\uc57d\uad6d","131":"\uc6b8\uc0b0\uad11\uc5ed\uc2dc \ub0a8\uad6c \ubc14\ub978\uc57d\uad6d","132":"\uc6b8\uc0b0\uad11\uc5ed\uc2dc \uc6b8\uc8fc\uad70 \ubc14\ub978\uc57d\uad6d","133":"\uc6b8\uc0b0\uad11\uc5ed\uc2dc \uc911\uad6c \ubc14\uc624\ubc25\uc57d\uad6d","134":"\uc6b8\uc0b0\uad11\uc5ed\uc2dc \uc911\uad6c \ubc15\uc57d\uad6d","135":"\uc6b8\uc0b0\uad11\uc5ed\uc2dc \ub0a8\uad6c \ubc1d\uc740\uc57d\uad6d","136":"\uc6b8\uc0b0\uad11\uc5ed\uc2dc \ub3d9\uad6c \ubc1d\uc740\uc57d\uad6d","137":"\uc6b8\uc0b0\uad11\uc5ed\uc2dc \ubd81\uad6c \ubc1d\uc740\uc57d\uad6d","138":"\uc6b8\uc0b0\uad11\uc5ed\uc2dc \uc6b8\uc8fc\uad70 \ubc31\uc57d\uad6d","139":"\uc6b8\uc0b0\uad11\uc5ed\uc2dc \uc911\uad6c \ubcf4\uac15\uc57d\uad6d","140":"\uc6b8\uc0b0\uad11\uc5ed\uc2dc \ub0a8\uad6c \ubcf4\ub77c\uc57d\uad6d","141":"\uc6b8\uc0b0\uad11\uc5ed\uc2dc \ub0a8\uad6c \ubcf4\ub78c\uc57d\uad6d","142":"\uc6b8\uc0b0\uad11\uc5ed\uc2dc \ub3d9\uad6c \ubcf4\ub78c\uc57d\uad6d","143":"\uc6b8\uc0b0\uad11\uc5ed\uc2dc \ub0a8\uad6c \ubcf4\ub839\uc57d\uad6d","144":"\uc6b8\uc0b0\uad11\uc5ed\uc2dc \uc6b8\uc8fc\uad70 \ubcf4\ub9bc\uc57d\uad6d","145":"\uc6b8\uc0b0\uad11\uc5ed\uc2dc \uc911\uad6c \ubcf4\uc131\uc57d\uad6d","146":"\uc6b8\uc0b0\uad11\uc5ed\uc2dc \ub0a8\uad6c \ubcf4\uc544\uc2a4\uc57d\uad6d","147":"\uc6b8\uc0b0\uad11\uc5ed\uc2dc \ub3d9\uad6c \ubcf4\uc740\uc57d\uad6d","148":"\uc6b8\uc0b0\uad11\uc5ed\uc2dc \uc911\uad6c \ubcf5\uc0b0\uc57d\uad6d","149":"\uc6b8\uc0b0\uad11\uc5ed\uc2dc \uc911\uad6c \ubd04\ubd04\uc57d\uad6d","150":"\uc6b8\uc0b0\uad11\uc5ed\uc2dc \ub0a8\uad6c \ubd80\uac15\uc57d\uad6d","151":"\uc6b8\uc0b0\uad11\uc5ed\uc2dc \uc911\uad6c \ubd80\uad11\uc57d\uad6d","152":"\uc6b8\uc0b0\uad11\uc5ed\uc2dc \ub3d9\uad6c \ubd80\ubbfc\uc57d\uad6d","153":"\uc6b8\uc0b0\uad11\uc5ed\uc2dc \uc911\uad6c \ubd80\ubd80\uc57d\uad6d","154":"\uc6b8\uc0b0\uad11\uc5ed\uc2dc \uc6b8\uc8fc\uad70 \ubd80\uc0b0\uc57d\uad6d","155":"\uc6b8\uc0b0\uad11\uc5ed\uc2dc \ub3d9\uad6c \ube44\ud0c0\ubbfc\uc57d\uad6d","156":"\uc6b8\uc0b0\uad11\uc5ed\uc2dc \uc911\uad6c \ube44\ud0c0\ubbfc\uc57d\uad6d","157":"\uc6b8\uc0b0\uad11\uc5ed\uc2dc \ub3d9\uad6c \uc0ac\ub791\uc758 \uc57d\uad6d","158":"\uc6b8\uc0b0\uad11\uc5ed\uc2dc \ub0a8\uad6c \uc0b0\ub4e4\uc57d\uad6d","159":"\uc6b8\uc0b0\uad11\uc5ed\uc2dc \ub0a8\uad6c \uc0bc\uc0b0\ub9d1\uc740\uc57d\uad6d","160":"\uc6b8\uc0b0\uad11\uc5ed\uc2dc \ub0a8\uad6c \uc0bc\uc0b0\uc57d\uad6d","161":"\uc6b8\uc0b0\uad11\uc5ed\uc2dc \ub0a8\uad6c \uc0bc\uc0b0\ud558\ub098\uc57d\uad6d","162":"\uc6b8\uc0b0\uad11\uc5ed\uc2dc \ub0a8\uad6c \uc0bc\uc0b0\ud604\ub300\uc57d\uad6d","163":"\uc6b8\uc0b0\uad11\uc5ed\uc2dc \ub0a8\uad6c \uc0bc\ud638\uc57d\uad6d","164":"\uc6b8\uc0b0\uad11\uc5ed\uc2dc \ub0a8\uad6c \uc0c1\ucf8c\ud55c\uc57d\uad6d","165":"\uc6b8\uc0b0\uad11\uc5ed\uc2dc \ub3d9\uad6c \uc0c8\ubaa8\ubc94\uc57d\uad6d","166":"\uc6b8\uc0b0\uad11\uc5ed\uc2dc \uc911\uad6c \uc0c8\ubb3c\uc57d\uad6d","167":"\uc6b8\uc0b0\uad11\uc5ed\uc2dc \ub3d9\uad6c \uc0c8\ubbf8\ub798\uc57d\uad6d","168":"\uc6b8\uc0b0\uad11\uc5ed\uc2dc \ubd81\uad6c \uc0c8\ubcf4\uc0dd\uc57d\uad6d","169":"\uc6b8\uc0b0\uad11\uc5ed\uc2dc \ub0a8\uad6c \uc0c8\ubd04\uc57d\uad6d","170":"\uc6b8\uc0b0\uad11\uc5ed\uc2dc \ub3d9\uad6c \uc0c8\ubd04\uc57d\uad6d","171":"\uc6b8\uc0b0\uad11\uc5ed\uc2dc \ub0a8\uad6c \uc0c8\ubd80\uc0b0\uc57d\uad6d","172":"\uc6b8\uc0b0\uad11\uc5ed\uc2dc \uc911\uad6c \uc0c8\uc2dc\uc628\uc57d\uad6d","173":"\uc6b8\uc0b0\uad11\uc5ed\uc2dc \ub3d9\uad6c \uc0c8\uc2f9\uc57d\uad6d","174":"\uc6b8\uc0b0\uad11\uc5ed\uc2dc \uc6b8\uc8fc\uad70 \uc0c8\uc5f4\ub9b0\uc57d\uad6d","175":"\uc6b8\uc0b0\uad11\uc5ed\uc2dc \uc6b8\uc8fc\uad70 \uc0c8\uc6b0\ub9ac\uc57d\uad6d","176":"\uc6b8\uc0b0\uad11\uc5ed\uc2dc \uc911\uad6c \uc0c8\uc720\uba85\uc57d\uad6d","177":"\uc6b8\uc0b0\uad11\uc5ed\uc2dc \ub3d9\uad6c \uc0c8\uc815\ubb38\uc57d\uad6d","178":"\uc6b8\uc0b0\uad11\uc5ed\uc2dc \ub0a8\uad6c \uc0c8\ucc9c\ub144\uc57d\uad6d","179":"\uc6b8\uc0b0\uad11\uc5ed\uc2dc \uc6b8\uc8fc\uad70 \uc0c8\ucc9c\ub144\uc57d\uad6d","180":"\uc6b8\uc0b0\uad11\uc5ed\uc2dc \ub0a8\uad6c \uc0c8\ud55c\ube5b\uc57d\uad6d","181":"\uc6b8\uc0b0\uad11\uc5ed\uc2dc \ub3d9\uad6c \uc0c8\ud604\ub300\uc57d\uad6d","182":"\uc6b8\uc0b0\uad11\uc5ed\uc2dc \uc911\uad6c \uc11c\uad11\uc57d\uad6d","183":"\uc6b8\uc0b0\uad11\uc5ed\uc2dc \ub0a8\uad6c \uc11c\uc57d\uad6d","184":"\uc6b8\uc0b0\uad11\uc5ed\uc2dc \uc6b8\uc8fc\uad70 \uc11c\uc6b8\uc0b0\uc870\uc740\uc57d\uad6d","185":"\uc6b8\uc0b0\uad11\uc5ed\uc2dc \uc6b8\uc8fc\uad70 \uc11c\uc6b8\uc57d\uad6d","186":"\uc6b8\uc0b0\uad11\uc5ed\uc2dc \uc911\uad6c \uc11c\uc77c\uc57d\uad6d","187":"\uc6b8\uc0b0\uad11\uc5ed\uc2dc \uc911\uad6c \uc11c\uc9c4\uc57d\uad6d","188":"\uc6b8\uc0b0\uad11\uc5ed\uc2dc \ub3d9\uad6c \uc120\ub9b0\uc57d\uad6d","189":"\uc6b8\uc0b0\uad11\uc5ed\uc2dc \ub3d9\uad6c \uc120\uba85\uc57d\uad6d","190":"\uc6b8\uc0b0\uad11\uc5ed\uc2dc \ub0a8\uad6c \uc120\uc554\uc57d\uad6d","191":"\uc6b8\uc0b0\uad11\uc5ed\uc2dc \ub0a8\uad6c \uc120\uc6b0\uc57d\uad6d","192":"\uc6b8\uc0b0\uad11\uc5ed\uc2dc \ubd81\uad6c \uc120\ud654\uc57d\uad6d","193":"\uc6b8\uc0b0\uad11\uc5ed\uc2dc \uc911\uad6c \uc131\ub0a8\uc57d\uad6d","194":"\uc6b8\uc0b0\uad11\uc5ed\uc2dc \ub0a8\uad6c \uc131\ub3c4\uc57d\uad6d","195":"\uc6b8\uc0b0\uad11\uc5ed\uc2dc \ub0a8\uad6c \uc131\uc2ec\uc57d\uad6d","196":"\uc6b8\uc0b0\uad11\uc5ed\uc2dc \uc911\uad6c \uc138\uba85\uc57d\uad6d","197":"\uc6b8\uc0b0\uad11\uc5ed\uc2dc \ubd81\uad6c \uc138\uc5f0\uc57d\uad6d","198":"\uc6b8\uc0b0\uad11\uc5ed\uc2dc \uc911\uad6c \uc138\uc815\uc57d\uad6d","199":"\uc6b8\uc0b0\uad11\uc5ed\uc2dc \uc6b8\uc8fc\uad70 \uc138\ud654\uc57d\uad6d","200":"\uc6b8\uc0b0\uad11\uc5ed\uc2dc \ub0a8\uad6c \uc18c\ub9dd\uc57d\uad6d","201":"\uc6b8\uc0b0\uad11\uc5ed\uc2dc \uc911\uad6c \uc194\uc57d\uad6d","202":"\uc6b8\uc0b0\uad11\uc5ed\uc2dc \uc911\uad6c \uc1a1\uc57d\uad6d","203":"\uc6b8\uc0b0\uad11\uc5ed\uc2dc \ubd81\uad6c \uc1a1\uc815\uc57d\uad6d","204":"\uc6b8\uc0b0\uad11\uc5ed\uc2dc \ub0a8\uad6c \uc218\uc131\uc57d\uad6d","205":"\uc6b8\uc0b0\uad11\uc5ed\uc2dc \ub0a8\uad6c \uc218\uc554\uc57d\uad6d","206":"\uc6b8\uc0b0\uad11\uc5ed\uc2dc \ub3d9\uad6c \uc21c\uc815\uc57d\uad6d","207":"\uc6b8\uc0b0\uad11\uc5ed\uc2dc \uc911\uad6c \uc2a4\uce74\uc774\uc57d\uad6d","208":"\uc6b8\uc0b0\uad11\uc5ed\uc2dc \ub0a8\uad6c \uc2a4\ud0c0\uc57d\uad6d","209":"\uc6b8\uc0b0\uad11\uc5ed\uc2dc \ub3d9\uad6c \uc2a4\ud0c0\uc628\ub204\ub9ac\uc57d\uad6d","210":"\uc6b8\uc0b0\uad11\uc5ed\uc2dc \uc911\uad6c \uc2dc\uacc4\ud0d1\uc57d\uad6d","211":"\uc6b8\uc0b0\uad11\uc5ed\uc2dc \uc911\uad6c \uc2dc\uc6d0\uc57d\uad6d","212":"\uc6b8\uc0b0\uad11\uc5ed\uc2dc \ub0a8\uad6c \uc2dc\uc7a5\uc57d\uad6d","213":"\uc6b8\uc0b0\uad11\uc5ed\uc2dc \ub3d9\uad6c \uc2e0\ub300\ud765\uc57d\uad6d","214":"\uc6b8\uc0b0\uad11\uc5ed\uc2dc \uc911\uad6c \uc2e0\ubcd1\uc601\uc57d\uad6d","215":"\uc6b8\uc0b0\uad11\uc5ed\uc2dc \ub0a8\uad6c \uc2e0\ubd80\uac15\uc57d\uad6d","216":"\uc6b8\uc0b0\uad11\uc5ed\uc2dc \ubd81\uad6c \uc2e0\uc138\uacc4\uc57d\uad6d","217":"\uc6b8\uc0b0\uad11\uc5ed\uc2dc \ub3d9\uad6c \uc2e0\uc138\uacc4\uc628\ub204\ub9ac\uc57d\uad6d","218":"\uc6b8\uc0b0\uad11\uc5ed\uc2dc \ub0a8\uad6c \uc2e0\uc57d\uad6d","219":"\uc6b8\uc0b0\uad11\uc5ed\uc2dc \ub0a8\uad6c \uc2e0\uc720\uba85\uc57d\uad6d","220":"\uc6b8\uc0b0\uad11\uc5ed\uc2dc \ub0a8\uad6c \uc2e0\uc815\uc5f4\ub9b0\uc57d\uad6d","221":"\uc6b8\uc0b0\uad11\uc5ed\uc2dc \ub0a8\uad6c \uc2e0\uc815\ud604\ub300\uc57d\uad6d","222":"\uc6b8\uc0b0\uad11\uc5ed\uc2dc \uc6b8\uc8fc\uad70 \uc2e0\ud3c9\ud654\uc57d\uad6d","223":"\uc6b8\uc0b0\uad11\uc5ed\uc2dc \uc911\uad6c \uc2e0\ud55c\uc57d\uad6d","224":"\uc6b8\uc0b0\uad11\uc5ed\uc2dc \ub0a8\uad6c \uc2e0\ud604\ub300\uc57d\uad6d","225":"\uc6b8\uc0b0\uad11\uc5ed\uc2dc \ub3d9\uad6c \uc2e0\ud604\ub300\uc628\ub204\ub9ac\uc57d\uad6d","226":"\uc6b8\uc0b0\uad11\uc5ed\uc2dc \uc6b8\uc8fc\uad70 \uc30d\uc6a9\ub298\ud478\ub978\uc57d\uad6d","227":"\uc6b8\uc0b0\uad11\uc5ed\uc2dc \uc911\uad6c \uc544\ub85c\ub9ac\uc57d\uad6d","228":"\uc6b8\uc0b0\uad11\uc5ed\uc2dc \ub0a8\uad6c \uc544\ub984\uc57d\uad6d","229":"\uc6b8\uc0b0\uad11\uc5ed\uc2dc \ub0a8\uad6c \uc544\ub9ac\uc194\uc57d\uad6d","230":"\uc6b8\uc0b0\uad11\uc5ed\uc2dc \ub3d9\uad6c \uc544\uce68\uc628\ub204\ub9ac\uc57d\uad6d","231":"\uc6b8\uc0b0\uad11\uc5ed\uc2dc \ub0a8\uad6c \uc548\uc57d\uc0ac\uc758\uc548\uc57d\uad6d","232":"\uc6b8\uc0b0\uad11\uc5ed\uc2dc \ub0a8\uad6c \uc560\ud50c\uc57d\uad6d","233":"\uc6b8\uc0b0\uad11\uc5ed\uc2dc \ubd81\uad6c \uc591\uc815\uc57d\uad6d","234":"\uc6b8\uc0b0\uad11\uc5ed\uc2dc \uc6b8\uc8fc\uad70 \uc5b8\uc591\uc628\ub204\ub9ac\uc57d\uad6d","235":"\uc6b8\uc0b0\uad11\uc5ed\uc2dc \ub3d9\uad6c \uc5c4\ub9c8\uc190\uc57d\uad6d","236":"\uc6b8\uc0b0\uad11\uc5ed\uc2dc \ubd81\uad6c \uc5c4\uc57d\uad6d","237":"\uc6b8\uc0b0\uad11\uc5ed\uc2dc \ubd81\uad6c \uc5d0\uc77c\ub9b0\uc57d\uad6d","238":"\uc6b8\uc0b0\uad11\uc5ed\uc2dc \ubd81\uad6c \uc5f4\ub9b0\ubb38\uc57d\uad6d","239":"\uc6b8\uc0b0\uad11\uc5ed\uc2dc \uc6b8\uc8fc\uad70 \uc5f4\ub9b0\uc57d\uad6d","240":"\uc6b8\uc0b0\uad11\uc5ed\uc2dc \ub0a8\uad6c \uc601\uc0dd\uc57d\uad6d","241":"\uc6b8\uc0b0\uad11\uc5ed\uc2dc \uc911\uad6c \uc601\uc6d0\uc57d\uad6d","242":"\uc6b8\uc0b0\uad11\uc5ed\uc2dc \ub0a8\uad6c \uc601\uc9c4\uc57d\uad6d","243":"\uc6b8\uc0b0\uad11\uc5ed\uc2dc \uc911\uad6c \uc624\uac70\ub9ac\uc57d\uad6d","244":"\uc6b8\uc0b0\uad11\uc5ed\uc2dc \ub0a8\uad6c \uc624\ub80c\uc9c0\uc57d\uad6d","245":"\uc6b8\uc0b0\uad11\uc5ed\uc2dc \uc6b8\uc8fc\uad70 \uc624\ub80c\uc9c0\uc57d\uad6d","246":"\uc6b8\uc0b0\uad11\uc5ed\uc2dc \uc911\uad6c \uc625\uad50\uc628\ub204\ub9ac\uc57d\uad6d","247":"\uc6b8\uc0b0\uad11\uc5ed\uc2dc \ub0a8\uad6c \uc625\uc0b0\uc57d\uad6d","248":"\uc6b8\uc0b0\uad11\uc5ed\uc2dc \ub0a8\uad6c \uc628\ub204\ub9ac\uc591\uc9c0\uc57d\uad6d","249":"\uc6b8\uc0b0\uad11\uc5ed\uc2dc \ub0a8\uad6c \uc628\ub204\ub9ac\ud070\uc0ac\ub791\uc57d\uad6d","250":"\uc6b8\uc0b0\uad11\uc5ed\uc2dc \uc6b8\uc8fc\uad70 \uc628\uc591\uc628\ub204\ub9ac\uc57d\uad6d","251":"\uc6b8\uc0b0\uad11\uc5ed\uc2dc \uc6b8\uc8fc\uad70 \uc628\uc815\uc57d\uad6d","252":"\uc6b8\uc0b0\uad11\uc5ed\uc2dc \ub0a8\uad6c \uc62c\ub9ac\ube0c\uc57d\uad6d","253":"\uc6b8\uc0b0\uad11\uc5ed\uc2dc \ub0a8\uad6c \uc655\uc790\uc57d\uad6d","254":"\uc6b8\uc0b0\uad11\uc5ed\uc2dc \ub3d9\uad6c \uc6b0\ub9ac\ub300\ud559\uc57d\uad6d","255":"\uc6b8\uc0b0\uad11\uc5ed\uc2dc \ub0a8\uad6c \uc6b0\ub9ac\ub4e4\uc57d\uad6d","256":"\uc6b8\uc0b0\uad11\uc5ed\uc2dc \ub3d9\uad6c \uc6b0\ub9ac\ub4e4\uc57d\uad6d","257":"\uc6b8\uc0b0\uad11\uc5ed\uc2dc \uc6b8\uc8fc\uad70 \uc6b0\ub9ac\ub4e4\uc57d\uad6d","258":"\uc6b8\uc0b0\uad11\uc5ed\uc2dc \ub0a8\uad6c \uc6b0\ub9ac\uc57d\uad6d","259":"\uc6b8\uc0b0\uad11\uc5ed\uc2dc \ub3d9\uad6c \uc6b0\ub9ac\uc57d\uad6d","260":"\uc6b8\uc0b0\uad11\uc5ed\uc2dc \ubd81\uad6c \uc6b0\ub9ac\uc57d\uad6d","261":"\uc6b8\uc0b0\uad11\uc5ed\uc2dc \uc6b8\uc8fc\uad70 \uc6b0\ub9ac\uc57d\uad6d","262":"\uc6b8\uc0b0\uad11\uc5ed\uc2dc \ub3d9\uad6c \uc6b0\ub9ac\uc9d1\uc57d\uad6d","263":"\uc6b8\uc0b0\uad11\uc5ed\uc2dc \ub0a8\uad6c \uc6b8\uc0b021\uc138\uae30\uc57d\uad6d","264":"\uc6b8\uc0b0\uad11\uc5ed\uc2dc \ub0a8\uad6c \uc6b8\uc0b0\uc120\uc9c4\uc57d\uad6d","265":"\uc6b8\uc0b0\uad11\uc5ed\uc2dc \uc911\uad6c \uc6b8\uc0b0\uc138\uba85\uc57d\uad6d","266":"\uc6b8\uc0b0\uad11\uc5ed\uc2dc \ub0a8\uad6c \uc6b8\uc0b0\uc57d\uad6d","267":"\uc6b8\uc0b0\uad11\uc5ed\uc2dc \uc911\uad6c \uc6b8\uc0b0\uc57d\uad6d","268":"\uc6b8\uc0b0\uad11\uc5ed\uc2dc \ub0a8\uad6c \uc6b8\uc0b0\uc6b0\ub9ac\uc548\uc57d\uad6d","269":"\uc6b8\uc0b0\uad11\uc5ed\uc2dc \ub0a8\uad6c \uc6b8\uc0b0\uc81c\uc77c\uc57d\uad6d","270":"\uc6b8\uc0b0\uad11\uc5ed\uc2dc \ub0a8\uad6c \uc6b8\uc0b0\uc911\uc559\uc57d\uad6d","271":"\uc6b8\uc0b0\uad11\uc5ed\uc2dc \ub0a8\uad6c \uc6b8\uc0b0\ud0d1\uc57d\uad6d","272":"\uc6b8\uc0b0\uad11\uc5ed\uc2dc \uc6b8\uc8fc\uad70 \uc6c5\ucd0c\uba85\uc778\ub2f9\uc57d\uad6d","273":"\uc6b8\uc0b0\uad11\uc5ed\uc2dc \ubd81\uad6c \uc6d0\uc57d\uad6d","274":"\uc6b8\uc0b0\uad11\uc5ed\uc2dc \ub0a8\uad6c \uc6d4\ub4dc\uc57d\uad6d","275":"\uc6b8\uc0b0\uad11\uc5ed\uc2dc \ub3d9\uad6c \uc6d4\ub4dc\uc57d\uad6d","276":"\uc6b8\uc0b0\uad11\uc5ed\uc2dc \ub0a8\uad6c \uc6f0\ube59\uc57d\uad6d","277":"\uc6b8\uc0b0\uad11\uc5ed\uc2dc \ub3d9\uad6c \uc704\ub4dc\ud31c\ub300\ud559\uc57d\uad6d","278":"\uc6b8\uc0b0\uad11\uc5ed\uc2dc \ub0a8\uad6c \uc720\uc815\uc57d\uad6d","279":"\uc6b8\uc0b0\uad11\uc5ed\uc2dc \ubd81\uad6c \uc720\uc815\uc57d\uad6d","280":"\uc6b8\uc0b0\uad11\uc5ed\uc2dc \ub0a8\uad6c \uc720\uc9c4\uc57d\uad6d","281":"\uc6b8\uc0b0\uad11\uc5ed\uc2dc \uc6b8\uc8fc\uad70 \uc73c\ub738\uc57d\uad6d","282":"\uc6b8\uc0b0\uad11\uc5ed\uc2dc \ub3d9\uad6c \uc740\uc131\uc57d\uad6d","283":"\uc6b8\uc0b0\uad11\uc5ed\uc2dc \uc911\uad6c \uc774\ud654\uc57d\uad6d","284":"\uc6b8\uc0b0\uad11\uc5ed\uc2dc \ubd81\uad6c \uc774\ud654\uc5f4\ub9b0\uc57d\uad6d","285":"\uc6b8\uc0b0\uad11\uc5ed\uc2dc \uc911\uad6c \uc77c\uc2e0\uc57d\uad6d","286":"\uc6b8\uc0b0\uad11\uc5ed\uc2dc \uc6b8\uc8fc\uad70 \uc784\uc57d\uad6d","287":"\uc6b8\uc0b0\uad11\uc5ed\uc2dc \uc911\uad6c \uc790\uc5f0\uc57d\uad6d","288":"\uc6b8\uc0b0\uad11\uc5ed\uc2dc \ub0a8\uad6c \uc7a5\uc0dd\ud3ec\uc57d\uad6d","289":"\uc6b8\uc0b0\uad11\uc5ed\uc2dc \uc6b8\uc8fc\uad70 \uc7ac\uc5f0\uc57d\uad6d","290":"\uc6b8\uc0b0\uad11\uc5ed\uc2dc \ub0a8\uad6c \uc815\ub2e4\uc6b4\uc57d\uad6d","291":"\uc6b8\uc0b0\uad11\uc5ed\uc2dc \uc911\uad6c \uc815\ub300\uc57d\uad6d","292":"\uc6b8\uc0b0\uad11\uc5ed\uc2dc \uc911\uad6c \uc815\ubb38\uc57d\uad6d","293":"\uc6b8\uc0b0\uad11\uc5ed\uc2dc \ubd81\uad6c \uc815\uc131\uc57d\uad6d","294":"\uc6b8\uc0b0\uad11\uc5ed\uc2dc \ub0a8\uad6c \uc815\uc57d\uad6d","295":"\uc6b8\uc0b0\uad11\uc5ed\uc2dc \ubd81\uad6c \uc815\uc57d\uad6d","296":"\uc6b8\uc0b0\uad11\uc5ed\uc2dc \uc911\uad6c \uc815\uc57d\uad6d","297":"\uc6b8\uc0b0\uad11\uc5ed\uc2dc \ub3d9\uad6c \uc81c\uc77c\uc57d\uad6d","298":"\uc6b8\uc0b0\uad11\uc5ed\uc2dc \uc6b8\uc8fc\uad70 \uc81c\uc77c\uc57d\uad6d","299":"\uc6b8\uc0b0\uad11\uc5ed\uc2dc \ubd81\uad6c \uc870\uba85\uc57d\uad6d","300":"\uc6b8\uc0b0\uad11\uc5ed\uc2dc \ub0a8\uad6c \uc870\uc544\uc57d\uad6d","301":"\uc6b8\uc0b0\uad11\uc5ed\uc2dc \ub0a8\uad6c \uc870\uc740\uc57d\uad6d","302":"\uc6b8\uc0b0\uad11\uc5ed\uc2dc \uc911\uad6c \uc870\uc740\uc57d\uad6d","303":"\uc6b8\uc0b0\uad11\uc5ed\uc2dc \uc6b8\uc8fc\uad70 \uc885\uadfc\ub2f9\uc57d\uad6d","304":"\uc6b8\uc0b0\uad11\uc5ed\uc2dc \uc6b8\uc8fc\uad70 \uc8fc\ub178\uc628\ub204\ub9ac\uc57d\uad6d","305":"\uc6b8\uc0b0\uad11\uc5ed\uc2dc \uc6b8\uc8fc\uad70 \uc8fc\uc57d\uad6d","306":"\uc6b8\uc0b0\uad11\uc5ed\uc2dc \ub0a8\uad6c \uc911\uc559\uc57d\uad6d","307":"\uc6b8\uc0b0\uad11\uc5ed\uc2dc \ubd81\uad6c \uc911\uc559\uc57d\uad6d","308":"\uc6b8\uc0b0\uad11\uc5ed\uc2dc \uc911\uad6c \uc911\uc559\uc57d\uad6d","309":"\uc6b8\uc0b0\uad11\uc5ed\uc2dc \ub0a8\uad6c \uc911\uc559\ud604\ub300\uc57d\uad6d","310":"\uc6b8\uc0b0\uad11\uc5ed\uc2dc \ub0a8\uad6c \uc9c0\ub2c8\uc57d\uad6d","311":"\uc6b8\uc0b0\uad11\uc5ed\uc2dc \ubd81\uad6c \uc9c0\uc6d0\uc57d\uad6d","312":"\uc6b8\uc0b0\uad11\uc5ed\uc2dc \ub0a8\uad6c \uc9c4\uc57d\uad6d","313":"\uc6b8\uc0b0\uad11\uc5ed\uc2dc \uc6b8\uc8fc\uad70 \uc9c4\uc8fc\uc57d\uad6d","314":"\uc6b8\uc0b0\uad11\uc5ed\uc2dc \uc6b8\uc8fc\uad70 \uc9c4\ud558\uc6b0\ub9ac\uc57d\uad6d","315":"\uc6b8\uc0b0\uad11\uc5ed\uc2dc \ub0a8\uad6c \ucc38\uc870\uc740\uc57d\uad6d","316":"\uc6b8\uc0b0\uad11\uc5ed\uc2dc \uc6b8\uc8fc\uad70 \ucc9c\uc0c1\uc57d\uad6d","317":"\uc6b8\uc0b0\uad11\uc5ed\uc2dc \uc6b8\uc8fc\uad70 \ucc9c\uc9c0\uc778\uc57d\uad6d","318":"\uc6b8\uc0b0\uad11\uc5ed\uc2dc \ub3d9\uad6c \uccad\uc194\uc57d\uad6d","319":"\uc6b8\uc0b0\uad11\uc5ed\uc2dc \ub3d9\uad6c \uccad\ucd98\uc57d\uad6d","320":"\uc6b8\uc0b0\uad11\uc5ed\uc2dc \ub3d9\uad6c \ucd08\ub871\uc57d\uad6d","321":"\uc6b8\uc0b0\uad11\uc5ed\uc2dc \ub0a8\uad6c \uce5c\uc808\ud55c\uc57d\uad6d","322":"\uc6b8\uc0b0\uad11\uc5ed\uc2dc \ub3d9\uad6c \uce5c\uc808\ud55c\uc57d\uad6d","323":"\uc6b8\uc0b0\uad11\uc5ed\uc2dc \ub0a8\uad6c \ud070\ub098\ubb34\uc57d\uad6d","324":"\uc6b8\uc0b0\uad11\uc5ed\uc2dc \uc6b8\uc8fc\uad70 \ud070\uc0ac\ub791\uc57d\uad6d","325":"\uc6b8\uc0b0\uad11\uc5ed\uc2dc \uc6b8\uc8fc\uad70 \ud0a4\ub2e4\ub9ac\uc57d\uad6d","326":"\uc6b8\uc0b0\uad11\uc5ed\uc2dc \ub0a8\uad6c \ud0c0\uc784\uc57d\uad6d","327":"\uc6b8\uc0b0\uad11\uc5ed\uc2dc \ub3d9\uad6c \ud0dc\uad11\uc57d\uad6d","328":"\uc6b8\uc0b0\uad11\uc5ed\uc2dc \ub0a8\uad6c \ud0dc\uc131\uc57d\uad6d","329":"\uc6b8\uc0b0\uad11\uc5ed\uc2dc \ubd81\uad6c \ud0dc\uc591\uc57d\uad6d","330":"\uc6b8\uc0b0\uad11\uc5ed\uc2dc \uc911\uad6c \ud0dc\uc77c\uc57d\uad6d","331":"\uc6b8\uc0b0\uad11\uc5ed\uc2dc \ub3d9\uad6c \ud0dc\ud3c9\uc591\uc57d\uad6d","332":"\uc6b8\uc0b0\uad11\uc5ed\uc2dc \ub3d9\uad6c \ud0dc\ud654\ub2f9\uc57d\uad6d","333":"\uc6b8\uc0b0\uad11\uc5ed\uc2dc \ub3d9\uad6c \ud0dc\ud654\uc57d\uad6d","334":"\uc6b8\uc0b0\uad11\uc5ed\uc2dc \uc911\uad6c \ud0dc\ud654\uc57d\uad6d","335":"\uc6b8\uc0b0\uad11\uc5ed\uc2dc \uc911\uad6c \ud1a0\ub9c8\uc2a4\uc57d\uad6d","336":"\uc6b8\uc0b0\uad11\uc5ed\uc2dc \ub3d9\uad6c \ud2bc\ud2bc \uc57d\uad6d","337":"\uc6b8\uc0b0\uad11\uc5ed\uc2dc \ub0a8\uad6c \ud2bc\ud2bc\uc57d\uad6d","338":"\uc6b8\uc0b0\uad11\uc5ed\uc2dc \uc6b8\uc8fc\uad70 \ud2bc\ud2bc\uc57d\uad6d","339":"\uc6b8\uc0b0\uad11\uc5ed\uc2dc \uc6b8\uc8fc\uad70 \ud2bc\ud2bc\ud50c\ub7ec\uc2a4\uc57d\uad6d","340":"\uc6b8\uc0b0\uad11\uc5ed\uc2dc \ubd81\uad6c \ud30c\ub9c8\uc2dc\uc544\ub9c8\ub9ac\uc57d\uad6d","341":"\uc6b8\uc0b0\uad11\uc5ed\uc2dc \ub3d9\uad6c \ud31c\ud50c\ub7ec\uc2a4\uc57d\uad6d","342":"\uc6b8\uc0b0\uad11\uc5ed\uc2dc \ub0a8\uad6c \ud3b8\uc548\ud55c\uc57d\uad6d","343":"\uc6b8\uc0b0\uad11\uc5ed\uc2dc \ub0a8\uad6c \ud3c9\ud654\uc57d\uad6d","344":"\uc6b8\uc0b0\uad11\uc5ed\uc2dc \uc6b8\uc8fc\uad70 \ud478\ub978\uc57d\uad6d","345":"\uc6b8\uc0b0\uad11\uc5ed\uc2dc \uc911\uad6c \ud478\ub978\uc57d\uad6d","346":"\uc6b8\uc0b0\uad11\uc5ed\uc2dc \ubd81\uad6c \ud478\ub984\uc57d\uad6d","347":"\uc6b8\uc0b0\uad11\uc5ed\uc2dc \ub0a8\uad6c \ud504\ub77c\uc784\uc57d\uad6d","348":"\uc6b8\uc0b0\uad11\uc5ed\uc2dc \ubd81\uad6c \ud50c\ub7ec\uc2a4\uc57d\uad6d","349":"\uc6b8\uc0b0\uad11\uc5ed\uc2dc \ub0a8\uad6c \ud53c\uc5d4\ube44\uc57d\uad6d","350":"\uc6b8\uc0b0\uad11\uc5ed\uc2dc \ub0a8\uad6c \ud558\ub098\ub85c\uc57d\uad6d","351":"\uc6b8\uc0b0\uad11\uc5ed\uc2dc \uc6b8\uc8fc\uad70 \ud558\ub098\ub85c\uc57d\uad6d","352":"\uc6b8\uc0b0\uad11\uc5ed\uc2dc \ubd81\uad6c \ud558\ub098\uc57d\uad6d","353":"\uc6b8\uc0b0\uad11\uc5ed\uc2dc \uc6b8\uc8fc\uad70 \ud558\ub098\uc57d\uad6d","354":"\uc6b8\uc0b0\uad11\uc5ed\uc2dc \ub0a8\uad6c \ud558\uc9c4\uc57d\uad6d","355":"\uc6b8\uc0b0\uad11\uc5ed\uc2dc \uc911\uad6c \ud559\uc131\uc57d\uad6d","356":"\uc6b8\uc0b0\uad11\uc5ed\uc2dc \ub3d9\uad6c \ud55c\uac00\uc871\uc57d\uad6d","357":"\uc6b8\uc0b0\uad11\uc5ed\uc2dc \ubd81\uad6c \ud55c\uac00\uc871\uc57d\uad6d","358":"\uc6b8\uc0b0\uad11\uc5ed\uc2dc \uc6b8\uc8fc\uad70 \ud55c\uacb0\uc57d\uad6d","359":"\uc6b8\uc0b0\uad11\uc5ed\uc2dc \ub0a8\uad6c \ud55c\uae38\uc57d\uad6d","360":"\uc6b8\uc0b0\uad11\uc5ed\uc2dc \ubd81\uad6c \ud55c\ub098\uc57d\uad6d","361":"\uc6b8\uc0b0\uad11\uc5ed\uc2dc \ubd81\uad6c \ud55c\ub9c8\uc74c\uc57d\uad6d","362":"\uc6b8\uc0b0\uad11\uc5ed\uc2dc \uc911\uad6c \ud55c\ub9c8\uc74c\uc57d\uad6d","363":"\uc6b8\uc0b0\uad11\uc5ed\uc2dc \ub3d9\uad6c \ud55c\ub9c8\uc74c\uc628\ub204\ub9ac\uc57d\uad6d","364":"\uc6b8\uc0b0\uad11\uc5ed\uc2dc \ub0a8\uad6c \ud55c\uc0ac\ub791\uc57d\uad6d","365":"\uc6b8\uc0b0\uad11\uc5ed\uc2dc \uc911\uad6c \ud55c\uc0ac\ub791\uc57d\uad6d","366":"\uc6b8\uc0b0\uad11\uc5ed\uc2dc \ub0a8\uad6c \ud55c\uc194\uc57d\uad6d","367":"\uc6b8\uc0b0\uad11\uc5ed\uc2dc \uc6b8\uc8fc\uad70 \ud55c\uc194\uc57d\uad6d","368":"\uc6b8\uc0b0\uad11\uc5ed\uc2dc \ub0a8\uad6c \ud55c\uc591\uc57d\uad6d","369":"\uc6b8\uc0b0\uad11\uc5ed\uc2dc \ubd81\uad6c \ud55c\uc77c\uc57d\uad6d","370":"\uc6b8\uc0b0\uad11\uc5ed\uc2dc \ub0a8\uad6c \ud55c\ucc3d\uc57d\uad6d","371":"\uc6b8\uc0b0\uad11\uc5ed\uc2dc \uc911\uad6c \ud568\uc81c\uc57d\uad6d","372":"\uc6b8\uc0b0\uad11\uc5ed\uc2dc \uc911\uad6c \ud568\uc9c0\uc57d\uad6d","373":"\uc6b8\uc0b0\uad11\uc5ed\uc2dc \uc911\uad6c \ud574\uac15\uc57d\uad6d","374":"\uc6b8\uc0b0\uad11\uc5ed\uc2dc \ub0a8\uad6c \ud574\ub9d1\uc740\uc57d\uad6d","375":"\uc6b8\uc0b0\uad11\uc5ed\uc2dc \ub3d9\uad6c \ud574\ub9d1\uc740\uc57d\uad6d","376":"\uc6b8\uc0b0\uad11\uc5ed\uc2dc \ub0a8\uad6c \ud574\uc131\uc57d\uad6d","377":"\uc6b8\uc0b0\uad11\uc5ed\uc2dc \ub3d9\uad6c \ud574\uc624\ub984\uc57d\uad6d","378":"\uc6b8\uc0b0\uad11\uc5ed\uc2dc \ub0a8\uad6c \ud574\uc624\ub984\uc6b0\ub9ac\ub4e4\uc57d\uad6d","379":"\uc6b8\uc0b0\uad11\uc5ed\uc2dc \uc911\uad6c \ud587\ube5b\uc57d\uad6d","380":"\uc6b8\uc0b0\uad11\uc5ed\uc2dc \ub0a8\uad6c \ud587\uc0b4\uc57d\uad6d","381":"\uc6b8\uc0b0\uad11\uc5ed\uc2dc \ubd81\uad6c \ud587\uc0b4\uc57d\uad6d","382":"\uc6b8\uc0b0\uad11\uc5ed\uc2dc \ub3d9\uad6c \ud589\ubcf5\uc57d\uad6d","383":"\uc6b8\uc0b0\uad11\uc5ed\uc2dc \uc911\uad6c \ud589\ubcf5\ud55c\uc57d\uad6d","384":"\uc6b8\uc0b0\uad11\uc5ed\uc2dc \ub0a8\uad6c \ud589\uc6b4\uc57d\uad6d","385":"\uc6b8\uc0b0\uad11\uc5ed\uc2dc \ub3d9\uad6c \ud589\uc6b4\uc57d\uad6d","386":"\uc6b8\uc0b0\uad11\uc5ed\uc2dc \uc911\uad6c \ud5c8\ube0c\uc57d\uad6d","387":"\uc6b8\uc0b0\uad11\uc5ed\uc2dc \ubd81\uad6c \ud604\ub300\ubb38\ud654\uc57d\uad6d","388":"\uc6b8\uc0b0\uad11\uc5ed\uc2dc \ub3d9\uad6c \ud604\ub300\ubc31\ud654\uc810\uc57d\uad6d","389":"\uc6b8\uc0b0\uad11\uc5ed\uc2dc \ub3d9\uad6c \ud604\ub300\uc57d\uad6d","390":"\uc6b8\uc0b0\uad11\uc5ed\uc2dc \uc6b8\uc8fc\uad70 \ud604\ub300\uc57d\uad6d","391":"\uc6b8\uc0b0\uad11\uc5ed\uc2dc \ub0a8\uad6c \ud604\ub300\uc628\ub204\ub9ac\uc57d\uad6d","392":"\uc6b8\uc0b0\uad11\uc5ed\uc2dc \ub0a8\uad6c \ud604\ub300\ud504\ub77c\uc790\uc57d\uad6d","393":"\uc6b8\uc0b0\uad11\uc5ed\uc2dc \ub3d9\uad6c \ud604\uc57d\uad6d","394":"\uc6b8\uc0b0\uad11\uc5ed\uc2dc \ub0a8\uad6c \ud61c\ubbfc\uc57d\uad6d","395":"\uc6b8\uc0b0\uad11\uc5ed\uc2dc \ubd81\uad6c \ud638\uacc4\uc57d\uad6d","396":"\uc6b8\uc0b0\uad11\uc5ed\uc2dc \uc911\uad6c \ud638\ud638\uc57d\uad6d","397":"\uc6b8\uc0b0\uad11\uc5ed\uc2dc \ub0a8\uad6c \ud648\ud0c0\uc6b4\uc57d\uad6d","398":"\uc6b8\uc0b0\uad11\uc5ed\uc2dc \ub0a8\uad6c \ud64d\uc740\uc57d\uad6d","399":"\uc6b8\uc0b0\uad11\uc5ed\uc2dc \ubd81\uad6c \ud654\ubd09\uae08\uac15\uc0b0\uc57d\uad6d","400":"\uc6b8\uc0b0\uad11\uc5ed\uc2dc \ubd81\uad6c \ud654\ubd09\uc57d\uad6d","401":"\uc6b8\uc0b0\uad11\uc5ed\uc2dc \uc911\uad6c \ud669\uc81c\uc57d\uad6d","402":"\uc6b8\uc0b0\uad11\uc5ed\uc2dc \ub0a8\uad6c \ud6a8\uc131\uc57d\uad6d","403":"\uc6b8\uc0b0\uad11\uc5ed\uc2dc \uc6b8\uc8fc\uad70 \ud6a8\uc131\uc57d\uad6d","404":"\uc6b8\uc0b0\uad11\uc5ed\uc2dc \uc911\uad6c \ud6a8\uc131\uc57d\uad6d","405":"\uc6b8\uc0b0\uad11\uc5ed\uc2dc \uc911\uad6c \ud6a8\uc815\uc57d\uad6d","406":"\uc6b8\uc0b0\uad11\uc5ed\uc2dc \uc911\uad6c \ud76c\ub9dd\uc57d\uad6d","407":"\uc6b8\uc0b0\uad11\uc5ed\uc2dc \ub0a8\uad6c \ud76c\ub9dd\ucc2c\uc57d\uad6d","408":"\uc6b8\uc0b0\uad11\uc5ed\uc2dc \ub3d9\uad6c \ud790\ub9c1\uc57d\uad6d"}}