{"name":{"0":"\uc6b8\uc0b0 \uc6b8\uc8fc\uad70 \uc5b8\uc591\uc6b0\uccb4\uad6d","1":"\uc6b8\uc0b0 \uc6b8\uc8fc\uad70 \ub450\uc11c\uc6b0\uccb4\uad6d","2":"\uc6b8\uc0b0 \uc6b8\uc8fc\uad70 \uc0c1\ubd81\uc6b0\uccb4\uad6d","3":"\uc6b8\uc0b0 \uc6b8\uc8fc\uad70 \ubc94\uc11c\uc6b0\uccb4\uad6d","4":"\uc6b8\uc0b0 \uc6b8\uc8fc\uad70 \ub450\ub3d9\uc6b0\uccb4\uad6d","5":"\uc6b8\uc0b0 \uc6b8\uc8fc\uad70 \uc0bc\ub0a8\uc6b0\uccb4\uad6d","6":"\uc6b8\uc0b0 \uc6b8\uc8fc\uad70 \uc628\uc591\uc6b0\uccb4\uad6d","7":"\uc6b8\uc0b0 \uc6b8\uc8fc\uad70 \uc628\uc0b0\uc6b0\uccb4\uad6d","8":"\uc6b8\uc0b0 \uc6b8\uc8fc\uad70 \uc11c\uc0dd\uc6b0\uccb4\uad6d","9":"\uc6b8\uc0b0 \uc6b8\uc8fc\uad70 \uccad\ub7c9\uc6b0\uccb4\uad6d","10":"\uc6b8\uc0b0 \uc6b8\uc8fc\uad70 \uc6c5\ucd0c\uc6b0\uccb4\uad6d"}}